district_name,state_name,nfhs5_institutional_births,nfhs5_overweight_women,nfhs5_diabetes_women,nfhs5_diabetes_men,nfhs5_hypertension_women,nfhs5_hypertension_men,nfhs5_cancer_screening_cervical,nfhs5_cancer_screening_breast
NICOBAR,ANDAMAN & NICOBAR ISLANDS,97.9,62.5,13.1,15.4,35.4,47.0,13.2,5.4
NORTH & MIDDLE ANDAMAN,ANDAMAN & NICOBAR ISLANDS,99.2,79.3,16.7,18.3,27.4,32.2,0.3,15.8
SOUTH ANDAMAN,ANDAMAN & NICOBAR ISLANDS,98.9,78.2,18.4,18.1,23.0,26.9,0.7,8.0
ANANTAPUR,ANDHRA PRADESH,100.0,46.3,14.2,16.8,23.4,26.7,0.4,4.0
CHITTOOR,ANDHRA PRADESH,98.2,41.7,17.2,22.4,22.7,27.1,0.3,4.0
EAST GODAVARI,ANDHRA PRADESH,91.4,49.2,21.7,27.6,29.0,32.2,1.0,4.8
GUNTUR,ANDHRA PRADESH,96.0,53.4,22.7,25.9,25.8,31.3,0.2,14.6
KRISHNA,ANDHRA PRADESH,96.4,,,,,,,
KURNOOL,ANDHRA PRADESH,95.6,42.1,15.1,20.6,27.0,31.8,0.2,2.9
PRAKASAM,ANDHRA PRADESH,92.8,,,,,,,
SRI POTTI SRIRAMULU NELLORE,ANDHRA PRADESH,92.8,,,,,,,
SRIKAKULAM,ANDHRA PRADESH,100.0,54.0,17.4,17.6,22.1,22.9,0.2,3.8
VISAKHAPATNAM,ANDHRA PRADESH,97.0,,,,,,,
VIZIANAGARAM,ANDHRA PRADESH,98.8,,,,,,,
WEST GODAVARI,ANDHRA PRADESH,100.0,,,,,,,
Y.S.R.,ANDHRA PRADESH,97.7,,,,,,,
ANJAW,ARUNACHAL PRADESH,,,,,,,0.6,0.2
CHANGLANG,ARUNACHAL PRADESH,,,,,,,0.0,0.0
DIBANG VALLEY,ARUNACHAL PRADESH,,,,,,,0.4,0.8
EAST KAMENG,ARUNACHAL PRADESH,,,,,,,0.2,0.7
EAST SIANG,ARUNACHAL PRADESH,,,,,,,0.2,0.8
KRA DAADI,ARUNACHAL PRADESH,,,,,,,0.3,0.6
KURUNG KUMEY,ARUNACHAL PRADESH,,,,,,,0.0,1.4
LOHIT,ARUNACHAL PRADESH,,,,,,,1.3,1.1
LONGDING,ARUNACHAL PRADESH,,,,,,,0.0,0.0
LOWER DIBANG VALLEY,ARUNACHAL PRADESH,,,,,,,0.2,0.2
LOWER SUBANSIRI,ARUNACHAL PRADESH,,,,,,,0.7,0.8
NAMSAI,ARUNACHAL PRADESH,,,,,,,0.0,0.0
PAPUM PARE,ARUNACHAL PRADESH,,,,,,,1.2,2.0
SIANG,ARUNACHAL PRADESH,,,,,,,0.2,0.2
TAWANG,ARUNACHAL PRADESH,,,,,,,0.8,0.7
TIRAP,ARUNACHAL PRADESH,,,,,,,0.2,0.2
UPPER SIANG,ARUNACHAL PRADESH,,,,,,,0.4,0.4
UPPER SUBANSIRI,ARUNACHAL PRADESH,,,,,,,0.1,0.3
WEST KAMENG,ARUNACHAL PRADESH,,,,,,,0.5,0.2
WEST SIANG,ARUNACHAL PRADESH,,,,,,,0.1,0.4
BAKSA,ASSAM,99.8,,,,,,0.3,0.0
BARPETA,ASSAM,99.1,75.0,14.0,17.0,17.9,16.7,0.2,0.0
BISWANATH,ASSAM,99.3,,,,,,0.0,0.0
BONGAIGAON,ASSAM,98.5,,,,,,0.8,0.7
CACHAR,ASSAM,98.2,,,,,,0.0,0.2
CHARAIDEO,ASSAM,98.7,53.5,11.9,14.9,18.2,17.9,0.0,0.0
CHIRANG,ASSAM,99.2,64.2,8.8,13.3,20.8,25.6,0.2,0.2
DARRANG,ASSAM,99.0,71.0,11.0,14.2,16.7,14.5,0.0,0.0
DHEMAJI,ASSAM,98.9,57.1,7.8,13.3,16.0,24.1,0.0,0.0
DHUBRI,ASSAM,98.2,68.1,8.2,10.4,18.2,19.0,0.0,0.0
DIBRUGARH,ASSAM,99.6,58.7,15.4,19.2,18.1,21.4,0.2,0.5
DIMA HASAO,ASSAM,99.2,53.8,9.8,13.3,17.1,23.5,0.0,0.0
GOALPARA,ASSAM,98.6,68.3,10.2,13.2,16.8,17.9,0.2,0.0
GOLAGHAT,ASSAM,100.0,51.2,11.6,14.4,20.5,22.0,0.2,0.2
HAILAKANDI,ASSAM,100.0,77.5,14.2,18.9,21.8,24.4,0.0,0.0
HOJAI,ASSAM,98.3,69.6,14.6,16.5,21.0,25.2,0.0,0.5
JORHAT,ASSAM,99.2,49.5,15.3,19.0,25.9,26.3,0.2,0.3
KAMRUP METROPOLITAN,ASSAM,98.3,69.1,17.1,20.3,17.0,20.3,0.2,0.4
KAMRUP,ASSAM,95.5,75.1,18.1,19.6,22.2,19.2,0.0,0.3
KARBI ANGLONG,ASSAM,96.4,59.3,10.7,14.6,20.1,22.8,0.0,0.2
KARIMGANJ,ASSAM,99.5,75.8,11.5,15.2,16.5,17.2,0.0,0.5
KOKRAJHAR,ASSAM,98.4,77.3,10.1,13.2,17.8,19.4,0.6,0.2
LAKHIMPUR,ASSAM,99.6,58.7,9.3,9.4,20.8,25.0,0.0,0.0
MAJULI,ASSAM,98.4,53.0,11.1,14.9,19.7,23.3,0.0,0.2
MORIGAON,ASSAM,98.7,74.1,10.3,14.2,20.1,20.5,0.2,0.2
NAGAON,ASSAM,98.3,60.7,15.9,21.4,16.4,17.0,0.2,0.4
NALBARI,ASSAM,96.9,75.0,17.4,20.9,22.5,24.9,1.0,0.8
SIVASAGAR,ASSAM,100.0,60.4,15.3,17.2,22.0,26.0,0.3,0.5
SONITPUR,ASSAM,98.5,68.8,9.5,11.1,24.8,24.5,0.4,0.2
SOUTH SALMARA MANCACHAR,ASSAM,99.4,76.2,8.7,12.0,15.5,16.5,0.3,0.0
TINSUKIA,ASSAM,100.0,66.5,13.9,19.5,17.1,19.3,0.2,0.2
UDALGURI,ASSAM,99.6,66.9,12.1,18.0,19.7,22.6,0.3,0.2
WEST KARBI ANGLONG,ASSAM,98.7,54.4,9.1,12.2,17.0,22.2,0.2,0.0
ARARIA,BIHAR,90.6,57.2,13.6,18.8,12.1,15.8,0.7,0.7
ARWAL,BIHAR,95.5,51.3,10.9,15.9,12.9,14.0,0.2,0.2
AURANGABAD,BIHAR,92.3,52.4,10.6,14.1,16.2,15.3,0.0,0.0
BANKA,BIHAR,84.0,70.7,13.0,16.9,17.4,18.8,0.0,0.0
BEGUSARAI,BIHAR,87.8,68.6,13.2,15.8,13.9,17.0,0.2,0.0
BHAGALPUR,BIHAR,85.4,70.1,15.6,16.3,13.3,14.7,1.2,1.3
BHOJPUR,BIHAR,93.3,51.4,14.0,17.0,13.9,14.5,0.3,0.3
BUXAR,BIHAR,92.2,57.7,12.9,11.5,13.9,10.5,0.3,0.0
DARBHANGA,BIHAR,87.6,59.8,13.5,19.3,17.5,23.5,0.2,0.2
GAYA,BIHAR,93.4,58.5,8.2,11.4,16.6,18.8,0.1,0.0
GOPALGANJ,BIHAR,89.6,69.0,10.5,10.1,20.3,22.8,0.2,0.0
JAMUI,BIHAR,87.8,61.9,11.1,15.1,12.6,14.8,0.0,0.0
JEHANABAD,BIHAR,95.8,57.4,11.9,16.0,13.4,12.0,0.2,0.2
KAIMUR (BHABUA),BIHAR,97.2,62.6,6.9,10.3,12.3,15.0,0.0,0.0
KATIHAR,BIHAR,91.7,62.1,14.4,19.6,17.0,17.8,0.0,0.0
KHAGARIA,BIHAR,89.5,56.5,17.1,21.7,13.0,16.1,0.2,0.9
KISHANGANJ,BIHAR,84.7,53.4,11.0,17.0,17.4,22.7,0.2,0.2
LAKHISARAI,BIHAR,87.1,67.4,12.8,17.8,12.3,13.8,0.0,0.1
MADHEPURA,BIHAR,95.6,64.9,15.4,16.9,10.4,14.5,0.0,0.5
MADHUBANI,BIHAR,91.5,66.3,13.2,20.0,18.2,23.4,0.0,0.3
MUNGER,BIHAR,89.8,70.7,19.5,21.8,16.1,18.3,1.5,1.7
MUZAFFARPUR,BIHAR,84.1,57.3,12.4,16.4,18.1,24.0,0.2,0.0
NALANDA,BIHAR,87.6,68.1,11.1,13.6,13.4,14.0,0.0,0.0
NAWADA,BIHAR,88.1,61.1,9.4,11.7,14.5,18.5,0.0,0.0
PASHCHIM CHAMPARAN,BIHAR,83.9,59.4,9.3,13.4,18.1,22.6,0.0,0.0
PATNA,BIHAR,88.8,66.9,17.1,19.9,16.1,14.8,0.6,0.1
PURBA CHAMPARAN,BIHAR,83.5,57.5,10.8,16.4,16.2,23.6,0.6,0.4
PURNIA,BIHAR,93.4,48.6,16.5,21.4,18.7,22.5,1.2,0.9
ROHTAS,BIHAR,91.2,52.5,10.3,13.5,15.2,16.0,0.7,0.0
SAHARSA,BIHAR,95.1,51.7,11.7,16.5,14.9,15.5,0.2,0.0
SAMASTIPUR,BIHAR,90.4,54.3,14.3,15.9,15.8,16.4,0.6,0.4
SARAN,BIHAR,94.3,50.7,16.5,18.1,16.7,19.3,0.8,0.3
SHEIKHPURA,BIHAR,87.7,67.7,9.9,11.1,16.3,16.1,0.5,0.3
SHEOHAR,BIHAR,93.2,69.1,7.5,13.9,15.5,20.8,0.0,0.3
SITAMARHI,BIHAR,91.1,59.5,12.3,14.6,17.8,17.9,0.0,0.0
SIWAN,BIHAR,82.9,63.5,9.0,15.7,19.6,29.6,0.0,0.0
SUPAUL,BIHAR,96.1,68.3,12.7,15.6,11.6,14.1,0.0,0.2
VAISHALI,BIHAR,88.5,61.8,13.6,17.1,17.4,19.6,0.4,0.8
BALOD,CHHATTISGARH,,,,,,,0.0,0.2
BALODA BAZAR,CHHATTISGARH,,,,,,,0.6,0.3
BALRAMPUR,CHHATTISGARH,,,,,,,0.0,0.0
BASTAR,CHHATTISGARH,,,,,,,0.2,1.0
BEMETARA,CHHATTISGARH,,,,,,,0.0,0.0
BIJAPUR,CHHATTISGARH,,,,,,,0.0,0.0
BILASPUR,CHHATTISGARH,,,,,,,0.3,0.2
DANTEWADA,CHHATTISGARH,,,,,,,0.5,0.5
DHAMTARI,CHHATTISGARH,,,,,,,0.3,0.0
DURG,CHHATTISGARH,,,,,,,0.4,0.8
GARIYABAND,CHHATTISGARH,,,,,,,0.0,0.0
JANJGIR - CHAMPA,CHHATTISGARH,,,,,,,0.0,0.2
JASHPUR,CHHATTISGARH,,,,,,,0.0,0.2
KABEERDHAM,CHHATTISGARH,,,,,,,0.3,0.2
KODAGAON,CHHATTISGARH,,,,,,,0.2,0.3
KORBA,CHHATTISGARH,,,,,,,0.8,0.5
KORIYA,CHHATTISGARH,,,,,,,0.5,0.9
MAHASAMUND,CHHATTISGARH,,,,,,,0.2,0.4
MUNGELI,CHHATTISGARH,,,,,,,0.4,0.6
NARAYANPUR,CHHATTISGARH,,,,,,,0.0,0.0
RAIGARH,CHHATTISGARH,,,,,,,0.0,0.0
RAIPUR,CHHATTISGARH,,,,,,,0.2,0.0
RAJNANDGAON,CHHATTISGARH,,,,,,,0.0,0.0
SUKMA,CHHATTISGARH,,,,,,,0.2,0.2
SURAJPUR,CHHATTISGARH,,,,,,,0.3,0.3
SURGUJA,CHHATTISGARH,,,,,,,0.0,0.2
UTTAR BASTAR KANKER,CHHATTISGARH,,,,,,,0.2,0.2
DAMAN,DADRA & NAGAR HAVELI AND DAMAN & DIU,,50.3,12.8,15.6,18.4,19.9,0.3,0.3
DIU,DADRA & NAGAR HAVELI AND DAMAN & DIU,97.0,45.3,17.3,19.4,18.1,17.7,0.0,0.3
NORTH GOA,GOA,100.0,52.3,20.6,24.9,27.3,28.3,1.9,0.9
SOUTH GOA,GOA,99.5,49.5,21.1,23.2,27.7,25.0,0.4,0.1
AHMEDABAD,GUJARAT,98.7,38.0,20.3,20.1,18.5,16.2,0.0,0.0
AMRELI,GUJARAT,98.3,39.0,15.5,17.3,18.0,11.5,0.4,0.6
ANAND,GUJARAT,98.6,32.3,16.6,15.5,26.6,26.9,0.2,0.2
ARAVALI,GUJARAT,95.8,42.2,12.4,15.1,21.0,22.0,0.5,0.3
BANASKANTHA,GUJARAT,92.9,32.0,12.9,15.8,14.3,15.7,0.3,0.0
BHARUCH,GUJARAT,96.3,42.4,18.0,20.5,23.7,24.9,0.0,0.2
BHAVNAGAR,GUJARAT,94.8,26.6,16.4,17.1,20.1,18.0,0.0,0.2
BOTAD,GUJARAT,98.2,25.0,16.7,16.8,12.5,12.0,0.0,0.8
CHHOTA UDAIPUR,GUJARAT,99.6,49.2,10.4,13.8,19.4,17.5,0.2,0.4
DAHOD,GUJARAT,98.9,61.9,11.8,11.4,18.2,17.7,0.0,0.0
DEVBHUMI DWARKA,GUJARAT,98.3,50.6,13.5,13.5,18.1,17.3,0.0,0.0
GANDHINAGAR,GUJARAT,,43.5,18.5,18.7,23.9,29.3,0.3,0.3
GIR SOMNATH,GUJARAT,95.6,25.2,13.2,14.2,14.0,12.3,0.2,0.0
JAMNAGAR,GUJARAT,99.5,35.4,15.3,15.5,18.1,15.0,0.3,0.3
JUNAGADH,GUJARAT,100.0,37.7,18.5,19.3,23.3,20.8,0.2,0.4
KACHCHH,GUJARAT,97.8,30.9,12.9,13.4,19.1,18.2,0.0,0.0
KHEDA,GUJARAT,98.1,45.0,16.0,18.2,24.0,24.5,0.0,0.0
MAHESANA,GUJARAT,97.1,42.6,19.4,21.6,22.6,27.0,0.0,0.4
MAHISAGAR,GUJARAT,97.4,42.8,12.3,13.1,16.3,14.7,0.9,0.6
MORBI,GUJARAT,96.7,38.8,17.8,18.7,18.4,15.1,0.0,0.0
NARMADA,GUJARAT,99.6,56.0,10.8,13.1,19.2,20.8,0.0,0.0
NAVSARI,GUJARAT,97.6,59.4,16.0,16.1,23.7,22.1,0.5,0.2
PANCHMAHAL,GUJARAT,96.6,50.5,13.8,15.2,22.5,27.6,0.0,0.2
PATAN,GUJARAT,99.6,30.3,18.1,18.8,16.3,16.3,0.0,0.0
PORBANDAR,GUJARAT,99.5,39.8,16.4,19.5,15.8,16.2,0.2,0.4
RAJKOT,GUJARAT,98.2,44.2,16.6,15.4,17.8,14.5,0.0,0.1
SABARKANTHA,GUJARAT,99.1,58.9,13.7,16.6,24.0,26.1,0.2,0.0
SURAT,GUJARAT,97.4,58.3,14.6,16.1,23.4,22.6,0.2,0.4
SURENDRANAGAR,GUJARAT,98.6,32.9,16.4,19.3,17.1,14.7,0.0,0.3
TAPI,GUJARAT,99.5,57.7,15.8,18.2,25.2,28.0,0.2,0.0
THE DANGS,GUJARAT,99.5,59.8,6.7,9.2,22.9,24.1,0.3,0.5
VADODARA,GUJARAT,96.6,51.2,16.6,15.1,24.3,23.8,0.0,0.5
VALSAD,GUJARAT,100.0,53.3,13.6,17.2,23.8,29.3,0.4,0.1
AMBALA,HARYANA,,,,,,,0.9,0.2
BHIWANI,HARYANA,,,,,,,0.1,0.3
CHARKHI DADRI,HARYANA,,,,,,,0.0,0.0
FARIDABAD,HARYANA,,,,,,,0.0,0.2
FATEHABAD,HARYANA,,,,,,,0.0,0.2
GURGAON,HARYANA,,,,,,,0.3,0.0
HISAR,HARYANA,,,,,,,0.0,0.2
JHAJJAR,HARYANA,,,,,,,0.2,0.2
JIND,HARYANA,,,,,,,0.9,0.4
KAITHAL,HARYANA,,,,,,,0.2,0.2
KARNAL,HARYANA,,,,,,,0.4,0.4
KURUKSHETRA,HARYANA,,,,,,,0.6,0.3
MAHENDRAGARH,HARYANA,,,,,,,0.1,0.1
MEWAT,HARYANA,,,,,,,0.5,0.8
PALWAL,HARYANA,,,,,,,0.2,0.4
PANCHKULA,HARYANA,,,,,,,0.3,0.3
PANIPAT,HARYANA,,,,,,,0.5,0.3
REWARI,HARYANA,,,,,,,0.0,0.0
ROHTAK,HARYANA,,,,,,,0.2,1.1
SIRSA,HARYANA,,,,,,,0.0,0.6
SONIPAT,HARYANA,,,,,,,0.3,0.3
YAMUNANAGAR,HARYANA,,,,,,,0.7,0.7
BILASPUR,HIMACHAL PRADESH,99.3,53.2,17.9,19.9,22.1,20.3,0.0,0.2
CHAMBA,HIMACHAL PRADESH,98.7,61.1,10.6,11.5,17.8,23.2,0.0,0.0
HAMIRPUR,HIMACHAL PRADESH,97.8,59.6,19.2,21.2,28.1,35.2,0.4,0.2
KANGRA,HIMACHAL PRADESH,96.4,60.9,16.4,15.7,24.9,26.6,0.2,0.0
KINNAUR,HIMACHAL PRADESH,97.5,59.5,7.9,7.3,18.5,22.8,0.2,0.0
KULLU,HIMACHAL PRADESH,99.3,65.2,9.4,9.1,17.4,20.6,0.6,1.4
LAHUL & SPITI,HIMACHAL PRADESH,99.4,61.9,6.7,8.5,15.0,19.2,0.2,0.4
MANDI,HIMACHAL PRADESH,100.0,67.5,13.2,15.3,20.8,23.8,0.4,0.2
SHIMLA,HIMACHAL PRADESH,100.0,63.3,10.4,14.1,19.9,23.5,1.1,0.0
SIRMAUR,HIMACHAL PRADESH,100.0,61.5,10.1,9.9,19.1,20.8,0.0,0.0
SOLAN,HIMACHAL PRADESH,98.6,61.8,10.8,13.4,21.7,22.3,0.7,0.3
UNA,HIMACHAL PRADESH,99.4,58.2,20.1,20.4,27.1,27.2,0.9,1.7
ANANTNAG,JAMMU & KASHMIR,97.8,90.8,10.4,9.9,20.0,19.4,0.0,0.0
BADGAM,JAMMU & KASHMIR,93.4,86.4,7.3,6.9,19.9,18.6,0.2,0.0
BANDIPORE,JAMMU & KASHMIR,97.5,89.8,8.7,8.0,21.4,17.4,0.4,0.2
BARAMULA,JAMMU & KASHMIR,96.0,78.3,10.0,8.3,23.7,19.0,1.7,4.0
DODA,JAMMU & KASHMIR,98.3,77.2,9.9,9.9,23.1,21.5,0.2,5.1
GANDERBAL,JAMMU & KASHMIR,95.5,75.0,9.7,7.8,21.5,19.1,0.0,0.1
JAMMU,JAMMU & KASHMIR,99.0,90.0,9.9,8.6,20.5,22.6,0.0,0.0
KATHUA,JAMMU & KASHMIR,98.1,96.6,12.4,11.8,18.9,23.6,0.4,0.8
KISHTWAR,JAMMU & KASHMIR,95.8,81.7,5.3,6.8,13.2,13.3,0.3,0.3
KULGAM,JAMMU & KASHMIR,97.7,83.8,6.4,6.1,25.8,19.9,0.3,0.4
KUPWARA,JAMMU & KASHMIR,99.3,95.3,6.5,7.9,18.1,18.9,0.4,0.4
PULWAMA,JAMMU & KASHMIR,98.9,93.2,7.2,4.8,22.6,19.1,0.0,0.2
PUNCH,JAMMU & KASHMIR,98.0,91.2,7.8,7.0,17.9,16.3,0.4,0.6
RAJOURI,JAMMU & KASHMIR,95.4,86.5,8.0,8.4,16.5,13.8,0.2,0.0
RAMBAN,JAMMU & KASHMIR,95.9,83.7,7.5,5.5,17.5,15.7,0.7,0.5
REASI,JAMMU & KASHMIR,92.9,75.9,7.1,7.1,15.4,17.6,0.0,0.0
SAMBA,JAMMU & KASHMIR,100.0,88.6,10.3,11.2,21.1,21.5,0.2,0.4
SHUPIYAN,JAMMU & KASHMIR,96.9,91.0,5.4,5.1,15.1,14.2,0.0,0.0
SRINAGAR,JAMMU & KASHMIR,97.8,92.2,7.4,5.7,20.1,18.1,0.0,0.0
UDHAMPUR,JAMMU & KASHMIR,97.3,87.4,9.9,8.8,20.1,18.3,0.0,0.0
BOKARO,JHARKHAND,,,,,,,0.0,0.4
CHATRA,JHARKHAND,,,,,,,0.0,0.2
DEOGHAR,JHARKHAND,,,,,,,0.2,0.2
DHANBAD,JHARKHAND,,,,,,,0.0,0.1
DUMKA,JHARKHAND,,,,,,,0.0,0.2
GARHWA,JHARKHAND,,,,,,,0.2,0.2
GIRIDIH,JHARKHAND,,,,,,,0.4,0.4
GODDA,JHARKHAND,,,,,,,0.0,0.5
GUMLA,JHARKHAND,,,,,,,0.2,0.2
HAZARIBAGH,JHARKHAND,,,,,,,0.0,0.0
JAMTARA,JHARKHAND,,,,,,,0.0,0.0
KHUNTI,JHARKHAND,,,,,,,0.3,0.2
KODARMA,JHARKHAND,,,,,,,0.2,0.2
LATEHAR,JHARKHAND,,,,,,,0.0,0.2
LOHARDAGA,JHARKHAND,,,,,,,0.0,0.0
PAKUR,JHARKHAND,,,,,,,0.0,0.0
PALAMU,JHARKHAND,,,,,,,0.2,0.0
PASHCHIMI SINGHBHUM,JHARKHAND,,,,,,,0.1,0.1
PURBI SINGHBHUM,JHARKHAND,,,,,,,0.0,0.0
RAMGARH,JHARKHAND,,,,,,,0.3,0.2
RANCHI,JHARKHAND,,,,,,,0.2,0.4
SAHIBGANJ,JHARKHAND,,,,,,,0.2,0.9
SARAIKELA-KHARSAWAN,JHARKHAND,,,,,,,0.0,0.0
SIMDEGA,JHARKHAND,,,,,,,0.0,0.0
BAGALKOT,KARNATAKA,98.7,40.5,11.8,12.8,19.1,21.0,0.2,0.2
BANGALORE RURAL,KARNATAKA,98.4,60.2,13.6,17.7,26.7,30.8,0.2,0.2
BANGALORE,KARNATAKA,98.0,44.4,19.4,21.3,30.7,33.5,0.4,0.6
BELGAUM,KARNATAKA,96.1,44.1,12.9,12.2,19.4,22.2,0.6,0.8
BELLARY,KARNATAKA,98.1,45.1,9.2,11.6,21.2,20.9,0.2,1.0
BIDAR,KARNATAKA,96.8,39.6,9.0,12.5,21.2,24.1,0.2,0.5
BIJAPUR,KARNATAKA,91.1,32.0,11.6,14.3,20.2,21.0,0.2,0.4
CHAMARAJANAGAR,KARNATAKA,100.0,37.7,14.1,14.8,28.8,29.9,0.2,0.7
CHIKKABALLAPURA,KARNATAKA,98.2,43.1,11.9,16.5,24.1,32.5,0.4,0.6
CHIKMAGALUR,KARNATAKA,99.1,50.6,15.6,15.7,29.2,28.7,0.0,0.0
CHITRADURGA,KARNATAKA,99.1,36.3,15.1,14.4,29.7,30.6,0.4,0.4
DAKSHINA KANNADA,KARNATAKA,98.3,53.5,15.4,14.8,30.1,29.9,0.4,0.4
DAVANAGERE,KARNATAKA,96.3,40.4,16.1,17.5,24.8,29.5,0.9,0.6
DHARWAD,KARNATAKA,96.9,41.9,13.8,14.1,26.6,23.7,0.1,0.0
GADAG,KARNATAKA,97.0,41.4,12.1,13.2,22.1,23.9,0.0,0.5
GULBARGA,KARNATAKA,95.1,46.2,11.4,15.1,17.0,24.8,0.8,1.8
HASSAN,KARNATAKA,97.8,57.0,16.3,18.7,28.1,29.5,0.0,0.0
HAVERI,KARNATAKA,98.8,42.1,12.7,15.2,21.4,24.4,0.0,0.2
KODAGU,KARNATAKA,97.8,54.7,17.4,19.3,31.5,33.3,0.8,0.5
KOLAR,KARNATAKA,99.1,47.5,12.5,15.1,24.3,27.9,0.4,0.2
KOPPAL,KARNATAKA,100.0,28.6,9.6,14.5,19.5,22.2,0.4,0.2
MANDYA,KARNATAKA,100.0,47.0,16.1,18.2,30.1,29.8,0.4,0.0
MYSORE,KARNATAKA,98.4,54.0,13.8,14.0,25.5,27.4,1.0,0.3
RAICHUR,KARNATAKA,97.1,42.6,8.9,9.2,18.5,16.7,0.4,0.5
RAMANAGARA,KARNATAKA,100.0,45.4,18.2,19.6,28.2,29.9,0.3,0.7
SHIMOGA,KARNATAKA,98.5,52.6,15.3,16.7,27.2,28.7,0.3,0.2
TUMKUR,KARNATAKA,99.3,48.1,15.4,19.9,27.4,34.0,0.2,0.2
UDUPI,KARNATAKA,99.2,51.9,16.7,17.7,31.2,32.5,0.2,1.1
UTTARA KANNADA,KARNATAKA,97.9,47.5,12.7,13.8,26.9,25.1,0.0,0.0
YADGIR,KARNATAKA,97.9,32.4,7.7,13.1,17.5,18.0,0.1,0.2
ALAPPUZHA,KERALA,96.4,58.9,25.2,25.4,32.1,36.2,2.6,0.7
ERNAKULAM,KERALA,90.9,,,,,,,
IDUKKI,KERALA,96.0,72.1,22.8,23.9,34.8,31.8,2.6,0.6
KANNUR,KERALA,95.3,72.9,23.8,25.0,31.0,34.8,2.1,0.3
KASARAGOD,KERALA,92.8,76.8,20.4,22.3,26.1,26.0,1.7,0.6
KOLLAM,KERALA,94.9,74.4,26.2,30.2,32.4,35.3,2.2,0.5
KOTTAYAM,KERALA,90.4,63.1,28.7,29.4,34.2,38.8,3.0,1.5
KOZHIKODE,KERALA,96.6,74.2,22.5,23.9,29.6,28.4,1.6,1.1
MALAPPURAM,KERALA,91.5,69.1,21.4,24.0,25.4,27.4,0.4,0.0
PATHANAMTHITTA,KERALA,92.2,61.6,32.1,34.7,42.1,41.9,4.1,0.8
THIRUVANANTHAPURAM,KERALA,79.1,74.1,26.1,36.2,31.4,32.1,6.8,1.2
THRISSUR,KERALA,87.0,71.6,28.3,31.7,31.4,36.8,2.8,0.9
WAYANAD,KERALA,,73.9,18.3,17.9,28.8,28.3,1.2,0.2
AGAR MALWA,MADHYA PRADESH,,,,,,,0.3,0.3
ALIRAJPUR,MADHYA PRADESH,,,,,,,0.0,0.0
ANUPPUR,MADHYA PRADESH,,,,,,,0.0,0.0
ASHOKNAGAR,MADHYA PRADESH,,,,,,,0.0,0.2
BALAGHAT,MADHYA PRADESH,,,,,,,0.0,0.1
BARWANI,MADHYA PRADESH,,,,,,,0.5,0.7
BETUL,MADHYA PRADESH,,,,,,,0.2,0.2
BHIND,MADHYA PRADESH,,,,,,,0.2,0.6
BHOPAL,MADHYA PRADESH,,,,,,,0.0,0.0
BURHANPUR,MADHYA PRADESH,,,,,,,0.2,0.2
CHHATARPUR,MADHYA PRADESH,,,,,,,3.4,3.2
CHHINDWARA,MADHYA PRADESH,,,,,,,0.0,0.2
DAMOH,MADHYA PRADESH,,,,,,,0.2,0.0
DATIA,MADHYA PRADESH,,,,,,,0.7,1.1
DEWAS,MADHYA PRADESH,,,,,,,0.0,0.8
DHAR,MADHYA PRADESH,,,,,,,0.7,1.0
DINDORI,MADHYA PRADESH,,,,,,,0.2,0.2
GUNA,MADHYA PRADESH,,,,,,,0.2,0.2
GWALIOR,MADHYA PRADESH,,,,,,,0.0,1.5
HARDA,MADHYA PRADESH,,,,,,,0.0,0.3
HOSHANGABAD,MADHYA PRADESH,,,,,,,0.4,0.4
INDORE,MADHYA PRADESH,,,,,,,1.5,1.5
JABALPUR,MADHYA PRADESH,,,,,,,0.0,0.0
JHABUA,MADHYA PRADESH,,,,,,,0.7,1.1
KATNI,MADHYA PRADESH,,,,,,,0.4,0.0
KHANDWA (EAST NIMAR),MADHYA PRADESH,,,,,,,0.4,0.3
KHARGONE (WEST NIMAR),MADHYA PRADESH,,,,,,,0.3,0.3
MANDLA,MADHYA PRADESH,,,,,,,0.0,0.2
MANDSAUR,MADHYA PRADESH,,,,,,,0.2,0.6
MORENA,MADHYA PRADESH,,,,,,,0.0,0.4
NARSINGHPUR,MADHYA PRADESH,,,,,,,0.0,0.0
NEEMUCH,MADHYA PRADESH,,,,,,,0.2,0.0
PANNA,MADHYA PRADESH,,,,,,,0.0,0.0
RAISEN,MADHYA PRADESH,,,,,,,0.0,0.9
RAJGARH,MADHYA PRADESH,,,,,,,0.4,0.4
RATLAM,MADHYA PRADESH,,,,,,,0.2,0.2
REWA,MADHYA PRADESH,,,,,,,0.0,0.2
SAGAR,MADHYA PRADESH,,,,,,,3.3,3.5
SATNA,MADHYA PRADESH,,,,,,,2.8,3.3
SEHORE,MADHYA PRADESH,,,,,,,0.8,1.5
SEONI,MADHYA PRADESH,,,,,,,0.0,0.0
SHAHDOL,MADHYA PRADESH,,,,,,,0.0,0.0
SHAJAPUR,MADHYA PRADESH,,,,,,,0.7,0.9
SHEOPUR,MADHYA PRADESH,,,,,,,0.0,0.2
SHIVPURI,MADHYA PRADESH,,,,,,,0.0,0.0
SIDHI,MADHYA PRADESH,,,,,,,0.0,0.0
SINGRAULI,MADHYA PRADESH,,,,,,,0.3,0.0
TIKAMGARH,MADHYA PRADESH,,,,,,,0.0,1.6
UJJAIN,MADHYA PRADESH,,,,,,,0.2,0.4
UMARIA,MADHYA PRADESH,,,,,,,0.4,0.8
VIDISHA,MADHYA PRADESH,,,,,,,0.0,0.2
AHMEDNAGAR,MAHARASHTRA,94.4,44.6,11.0,12.5,23.6,25.3,0.2,0.2
AKOLA,MAHARASHTRA,98.3,25.2,9.6,9.8,19.4,19.1,0.4,0.5
AMRAVATI,MAHARASHTRA,99.1,34.6,10.3,13.1,19.8,18.7,0.0,0.0
AURANGABAD,MAHARASHTRA,95.0,24.7,13.1,14.1,20.8,20.9,0.2,0.4
BHANDARA,MAHARASHTRA,99.4,37.1,10.5,10.1,21.8,19.3,0.2,0.5
BID,MAHARASHTRA,97.6,30.4,10.5,12.9,26.4,24.1,0.8,0.7
BULDANA,MAHARASHTRA,100.0,38.0,10.2,9.0,20.1,20.5,0.0,0.4
CHANDRAPUR,MAHARASHTRA,100.0,43.5,8.8,11.3,20.7,20.6,0.2,0.6
DHULE,MAHARASHTRA,93.7,30.5,13.4,15.3,21.4,25.1,0.3,0.2
GADCHIROLI,MAHARASHTRA,98.0,45.1,7.3,10.3,17.0,17.2,0.9,0.9
GONDIYA,MAHARASHTRA,98.7,43.0,7.9,10.2,21.8,18.9,0.6,0.7
HINGOLI,MAHARASHTRA,98.8,24.7,10.5,10.7,17.4,17.4,0.0,0.0
JALGAON,MAHARASHTRA,91.0,39.3,12.8,15.2,20.7,24.4,0.3,0.2
JALNA,MAHARASHTRA,96.1,21.4,11.0,13.0,21.8,24.8,1.4,1.9
KOLHAPUR,MAHARASHTRA,95.3,46.0,14.2,16.5,31.0,33.2,8.5,8.3
LATUR,MAHARASHTRA,100.0,51.2,10.2,11.1,18.6,19.6,0.5,0.4
MUMBAI SUBURBAN,MAHARASHTRA,92.6,58.3,19.7,21.0,26.6,28.0,2.1,2.1
MUMBAI,MAHARASHTRA,93.1,54.4,17.5,18.2,21.0,23.3,0.0,0.2
NAGPUR,MAHARASHTRA,96.6,46.1,10.7,12.8,21.3,18.3,0.3,0.7
NANDED,MAHARASHTRA,96.7,37.0,9.1,12.1,16.7,17.3,0.2,0.0
NANDURBAR,MAHARASHTRA,99.2,47.0,10.4,10.5,23.5,24.6,1.2,0.4
NASHIK,MAHARASHTRA,96.0,37.6,10.3,12.0,22.5,26.1,0.2,0.0
OSMANABAD,MAHARASHTRA,95.8,44.5,9.5,11.2,23.5,26.2,0.0,0.0
PALGHAR,MAHARASHTRA,92.9,61.9,12.2,12.9,23.4,22.4,0.4,0.0
PARBHANI,MAHARASHTRA,89.0,27.1,11.6,13.4,21.0,21.6,0.9,0.2
PUNE,MAHARASHTRA,93.1,43.7,12.3,15.1,22.4,25.8,2.3,0.9
RAIGARH,MAHARASHTRA,98.4,59.3,11.5,13.5,24.8,97.0,0.6,0.6
RATNAGIRI,MAHARASHTRA,97.0,53.2,16.9,16.5,32.4,33.9,0.4,0.2
SANGLI,MAHARASHTRA,97.1,50.8,15.2,18.0,30.1,32.0,4.1,4.1
SATARA,MAHARASHTRA,96.7,47.2,12.0,12.9,27.2,29.8,0.5,0.0
SINDHUDURG,MAHARASHTRA,100.0,61.4,20.6,23.4,36.6,37.9,0.6,0.4
SOLAPUR,MAHARASHTRA,96.0,52.1,11.1,12.2,25.7,26.2,0.3,0.5
THANE,MAHARASHTRA,93.4,62.2,15.7,13.9,24.5,29.7,3.0,4.8
WARDHA,MAHARASHTRA,98.6,39.6,9.0,10.4,17.1,14.0,0.0,0.2
WASHIM,MAHARASHTRA,99.2,18.0,8.1,9.1,21.9,21.0,0.6,0.9
YAVATMAL,MAHARASHTRA,98.8,31.1,10.6,10.7,17.2,18.2,0.4,0.0
BISHNUPUR,MANIPUR,93.5,63.3,13.4,15.8,23.6,31.3,1.1,0.2
CHANDEL,MANIPUR,79.9,71.2,13.4,14.5,21.7,28.2,0.0,0.1
CHURACHANDPUR,MANIPUR,78.1,54.7,13.5,15.2,16.3,25.2,0.5,0.4
IMPHAL EAST,MANIPUR,53.8,59.1,15.9,18.5,21.9,36.0,3.3,1.9
IMPHAL WEST,MANIPUR,50.0,70.6,16.6,21.8,27.5,38.4,2.0,1.9
SENAPATI,MANIPUR,77.1,69.2,9.8,10.9,18.7,28.2,0.7,0.0
TAMENGLONG,MANIPUR,78.3,64.5,11.7,12.7,21.5,29.4,0.7,0.3
THOUBAL,MANIPUR,91.4,74.9,10.6,12.9,23.2,33.4,0.7,0.2
UKHRUL,MANIPUR,78.3,48.0,7.9,11.7,22.3,25.0,0.0,0.3
EAST GARO HILLS,MEGHALAYA,92.1,63.7,9.3,16.2,15.3,23.2,0.2,1.1
EAST JAINTIA HILLS,MEGHALAYA,94.6,62.3,6.3,7.7,18.7,17.2,0.0,0.6
EAST KHASI HILLS,MEGHALAYA,87.8,49.3,9.1,9.4,24.5,25.0,1.3,0.8
NORTH GARO HILLS,MEGHALAYA,85.8,65.9,12.2,18.7,20.0,25.4,0.0,0.2
RIBHOI,MEGHALAYA,97.5,59.4,8.0,8.1,13.5,16.0,0.4,0.4
SOUTH GARO HILLS,MEGHALAYA,98.9,67.7,12.8,23.7,15.8,22.8,0.0,0.0
SOUTH WEST GARO HILLS,MEGHALAYA,99.0,71.5,12.9,16.7,13.6,20.0,0.0,0.0
SOUTH WEST KHASI HILLS,MEGHALAYA,97.0,53.5,6.3,6.9,18.5,19.0,0.0,0.2
WEST GARO HILLS,MEGHALAYA,97.6,74.0,12.1,24.6,17.4,24.7,0.2,0.0
WEST JAINTIA HILLS,MEGHALAYA,88.1,59.1,8.8,7.8,18.0,15.5,0.1,0.4
WEST KHASI HILLS,MEGHALAYA,97.3,57.8,5.6,7.6,16.0,16.4,0.0,0.2
AIZAWL,MIZORAM,93.1,46.0,15.2,17.3,23.4,33.6,4.7,1.6
CHAMPHAI,MIZORAM,100.0,52.1,13.4,13.9,16.1,19.6,0.6,0.2
KOLASIB,MIZORAM,97.8,48.8,15.7,13.8,16.5,24.3,1.9,0.7
LAWNGTLAI,MIZORAM,93.8,44.4,11.4,15.4,13.0,20.3,1.5,0.5
LUNGLEI,MIZORAM,99.2,48.9,13.5,17.1,13.9,20.0,0.4,0.2
MAMIT,MIZORAM,98.9,53.1,11.4,13.4,14.3,21.0,2.4,0.8
SAIHA,MIZORAM,96.9,42.5,9.5,9.3,13.0,22.9,1.8,0.7
SERCHHIP,MIZORAM,99.3,47.4,14.2,13.8,11.6,17.7,1.5,0.8
CENTRAL,NCT DELHI,,,,,,,1.1,2.5
EAST,NCT DELHI,,,,,,,0.2,0.0
NEW DELHI,NCT DELHI,,,,,,,0.7,1.2
NORTH EAST,NCT DELHI,,,,,,,0.0,0.0
NORTH WEST,NCT DELHI,,,,,,,0.2,0.0
NORTH,NCT DELHI,,,,,,,0.9,1.0
SHAHDARA,NCT DELHI,,,,,,,0.4,0.4
SOUTH EAST,NCT DELHI,,,,,,,0.2,0.5
SOUTH WEST,NCT DELHI,,,,,,,0.0,1.6
SOUTH,NCT DELHI,,,,,,,0.2,0.4
WEST,NCT DELHI,,,,,,,0.0,1.9
DIMAPUR,NAGALAND,82.3,59.9,12.0,14.1,18.6,20.8,0.0,0.7
KIPHIRE,NAGALAND,92.4,58.7,7.8,11.7,15.3,22.0,1.1,0.9
KOHIMA,NAGALAND,95.2,60.3,6.6,9.9,25.7,31.1,0.4,0.4
LONGLENG,NAGALAND,91.6,41.7,10.2,14.5,22.6,30.0,0.6,0.7
MOKOKCHUNG,NAGALAND,96.6,73.0,8.6,10.1,23.2,28.9,0.4,0.0
MON,NAGALAND,95.8,73.8,9.0,13.0,20.4,35.7,0.3,0.0
PEREN,NAGALAND,97.3,65.9,8.0,14.6,19.8,27.7,0.2,0.2
PHEK,NAGALAND,97.6,59.8,9.0,13.4,25.9,33.8,0.0,0.0
TUENSANG,NAGALAND,90.9,58.8,6.4,10.5,20.4,24.3,0.7,0.5
WOKHA,NAGALAND,96.8,44.0,12.2,18.8,24.3,35.7,0.0,0.0
ZUNHEBOTO,NAGALAND,90.7,74.9,11.1,9.9,33.2,41.2,0.4,0.7
ANUGUL,ODISHA,,,,,,,0.0,0.0
BALANGIR,ODISHA,,,,,,,0.0,0.0
BALESHWAR,ODISHA,,,,,,,0.4,0.8
BARGARH,ODISHA,,,,,,,0.4,0.9
BAUDH,ODISHA,,,,,,,0.2,0.2
BHADRAK,ODISHA,,,,,,,0.4,0.0
CUTTACK,ODISHA,,,,,,,0.4,0.0
DEBAGARH,ODISHA,,,,,,,0.0,0.2
DHENKANAL,ODISHA,,,,,,,0.0,0.0
GAJAPATI,ODISHA,,,,,,,0.3,0.0
GANJAM,ODISHA,,,,,,,0.3,0.7
JAGATSINGHAPUR,ODISHA,,,,,,,0.5,0.3
JAJAPUR,ODISHA,,,,,,,0.6,0.6
JHARSUGUDA,ODISHA,,,,,,,0.0,0.2
KALAHANDI,ODISHA,,,,,,,0.0,0.0
KANDHAMAL,ODISHA,,,,,,,0.2,0.2
KENDRAPARA,ODISHA,,,,,,,0.6,0.4
KENDUJHAR,ODISHA,,,,,,,0.0,0.0
KHORDHA,ODISHA,,,,,,,0.0,0.2
KORAPUT,ODISHA,,,,,,,0.0,0.2
MALKANGIRI,ODISHA,,,,,,,0.0,0.0
MAYURBHANJ,ODISHA,,,,,,,0.2,0.0
NABARANGAPUR,ODISHA,,,,,,,0.0,0.0
NAYAGARH,ODISHA,,,,,,,0.2,0.0
NUAPADA,ODISHA,,,,,,,0.0,0.8
PURI,ODISHA,,,,,,,0.2,0.5
RAYAGADA,ODISHA,,,,,,,0.2,0.2
SAMBALPUR,ODISHA,100.0,71.2,11.7,16.6,22.2,24.5,0.3,0.0
SUBARNAPUR,ODISHA,100.0,69.0,13.0,12.8,22.4,20.5,0.2,0.2
SUNDARGARH,ODISHA,,,,,,,0.0,0.2
KARAIKAL,PUDUCHERRY,,,,,,,2.5,0.1
MAHE,PUDUCHERRY,,,,,,,2.1,1.6
PUDUCHERRY,PUDUCHERRY,,,,,,,5.0,1.9
YANAM,PUDUCHERRY,,,,,,,0.2,2.3
AMRITSAR,PUNJAB,,,,,,,0.8,0.4
BARNALA,PUNJAB,,,,,,,0.5,0.7
BATHINDA,PUNJAB,,,,,,,0.8,0.5
FARIDKOT,PUNJAB,,,,,,,0.3,0.7
FATEHGARH SAHIB,PUNJAB,,,,,,,0.6,0.8
FAZILKA,PUNJAB,,,,,,,0.2,0.0
FIROZPUR,PUNJAB,,,,,,,0.0,0.2
GURUDASPUR,PUNJAB,,,,,,,0.2,0.0
HOSHIARPUR,PUNJAB,,,,,,,0.2,0.0
JALANDHAR,PUNJAB,,,,,,,0.2,1.0
KAPURTHALA,PUNJAB,,,,,,,0.0,0.0
LUDHIANA,PUNJAB,,,,,,,0.4,0.3
MANSA,PUNJAB,,,,,,,0.3,0.0
MOGA,PUNJAB,,,,,,,0.0,0.0
MUKTSAR,PUNJAB,,,,,,,0.0,0.2
PATHANKOT,PUNJAB,,,,,,,0.4,0.5
PATIALA,PUNJAB,,,,,,,0.2,1.2
RUPNAGAR,PUNJAB,,,,,,,0.0,0.4
SAHIBZADA AJIT SINGH NAGAR,PUNJAB,,,,,,,0.0,0.0
SANGRUR,PUNJAB,,,,,,,0.7,0.5
SHAHID BHAGAT SINGH NAGAR,PUNJAB,,,,,,,0.3,0.1
TARN TARAN,PUNJAB,,,,,,,0.0,0.7
AJMER,RAJASTHAN,,,,,,,0.2,0.2
ALWAR,RAJASTHAN,,,,,,,0.6,0.2
BANSWARA,RAJASTHAN,,,,,,,0.0,0.0
BARAN,RAJASTHAN,,,,,,,0.0,0.0
BARMER,RAJASTHAN,,,,,,,0.0,0.0
BHARATPUR,RAJASTHAN,,,,,,,0.3,0.6
BHILWARA,RAJASTHAN,,,,,,,0.0,0.0
BIKANER,RAJASTHAN,,,,,,,0.2,0.2
BUNDI,RAJASTHAN,,,,,,,0.2,0.2
CHITTAURGARH,RAJASTHAN,,,,,,,0.2,0.3
CHURU,RAJASTHAN,,,,,,,0.1,0.4
DAUSA,RAJASTHAN,,,,,,,0.3,0.0
DHAULPUR,RAJASTHAN,,,,,,,0.6,0.0
DUNGARPUR,RAJASTHAN,,,,,,,0.0,0.3
GANGANAGAR,RAJASTHAN,,,,,,,0.0,0.0
HANUMANGARH,RAJASTHAN,,,,,,,0.4,0.6
JAIPUR,RAJASTHAN,,,,,,,0.4,0.1
JAISALMER,RAJASTHAN,,,,,,,0.0,0.0
JALOR,RAJASTHAN,,,,,,,0.1,0.1
JHALAWAR,RAJASTHAN,,,,,,,0.0,0.3
JHUNJHUNUN,RAJASTHAN,,,,,,,0.2,0.2
JODHPUR,RAJASTHAN,,,,,,,0.2,0.3
KARAULI,RAJASTHAN,,,,,,,0.0,0.2
KOTA,RAJASTHAN,,,,,,,0.3,0.7
NAGAUR,RAJASTHAN,,,,,,,0.1,0.1
PALI,RAJASTHAN,,,,,,,0.0,0.0
PRATAPGARH,RAJASTHAN,,,,,,,0.2,0.0
RAJSAMAND,RAJASTHAN,,,,,,,0.0,0.0
SAWAI MADHOPUR,RAJASTHAN,,,,,,,0.2,0.2
SIKAR,RAJASTHAN,,,,,,,0.1,0.3
SIROHI,RAJASTHAN,,,,,,,0.0,0.3
TONK,RAJASTHAN,,,,,,,0.0,0.3
UDAIPUR,RAJASTHAN,,,,,,,0.0,0.0
EAST DISTRICT,SIKKIM,91.9,68.3,14.6,15.8,31.6,34.2,0.0,1.2
NORTH DISTRICT,SIKKIM,95.5,73.0,11.6,16.0,39.0,47.7,0.4,0.0
SOUTH DISTRICT,SIKKIM,99.4,84.8,12.5,17.6,41.0,49.6,0.0,0.0
WEST DISTRICT,SIKKIM,96.4,83.4,7.4,13.6,32.7,45.1,0.5,0.7
ARIYALUR,TAMIL NADU,,,,,,,4.3,0.4
CHENNAI,TAMIL NADU,,,,,,,6.3,1.1
COIMBATORE,TAMIL NADU,,,,,,,8.4,1.1
CUDDALORE,TAMIL NADU,,,,,,,4.6,0.6
DHARMAPURI,TAMIL NADU,,,,,,,1.2,0.8
DINDIGUL,TAMIL NADU,,,,,,,2.1,0.7
ERODE,TAMIL NADU,,,,,,,8.7,0.7
KANCHEEPURAM,TAMIL NADU,,,,,,,6.8,1.7
KANNIYAKUMARI,TAMIL NADU,,,,,,,3.9,0.8
KARUR,TAMIL NADU,,,,,,,5.8,0.2
KRISHNAGIRI,TAMIL NADU,,,,,,,0.4,0.6
MADURAI,TAMIL NADU,,,,,,,2.4,0.4
NAGAPATTINAM,TAMIL NADU,,,,,,,11.0,2.2
NAMAKKAL,TAMIL NADU,,,,,,,1.0,0.0
PERAMBALUR,TAMIL NADU,,,,,,,10.3,3.3
PUDUKKOTTAI,TAMIL NADU,,,,,,,7.6,2.5
RAMANATHAPURAM,TAMIL NADU,,,,,,,5.3,0.4
SALEM,TAMIL NADU,,,,,,,14.6,1.7
SIVAGANGA,TAMIL NADU,,,,,,,1.5,0.2
THANJAVUR,TAMIL NADU,,,,,,,4.5,2.2
THE NILGIRIS,TAMIL NADU,,,,,,,12.3,1.2
THENI,TAMIL NADU,,,,,,,4.9,0.5
THIRUVALLUR,TAMIL NADU,,,,,,,7.9,3.9
THIRUVARUR,TAMIL NADU,,,,,,,10.4,0.7
THOOTHUKKUDI,TAMIL NADU,,,,,,,1.7,0.4
TIRUCHIRAPPALLI,TAMIL NADU,,,,,,,5.4,2.2
TIRUNELVELI,TAMIL NADU,,,,,,,5.5,0.2
TIRUPPUR,TAMIL NADU,,,,,,,3.7,0.6
TIRUVANNAMALAI,TAMIL NADU,,,,,,,4.3,0.6
VELLORE,TAMIL NADU,,,,,,,0.5,0.2
VILUPPURAM,TAMIL NADU,,,,,,,8.8,3.7
VIRUDHUNAGAR,TAMIL NADU,,,,,,,1.8,0.8
ADILABAD,TELANGANA,94.1,48.3,10.8,12.8,23.1,26.4,0.2,0.6
BHADRADRI KOTHAGUDEM,TELANGANA,98.6,48.7,18.3,18.4,29.6,30.1,0.0,3.2
HYDERABAD,TELANGANA,94.4,43.9,21.2,26.8,30.2,41.7,0.0,5.9
JAGITIAL,TELANGANA,95.5,43.2,15.5,19.5,25.5,31.3,1.0,3.4
JANGOAN,TELANGANA,98.9,41.1,14.4,18.3,26.1,29.0,0.2,0.2
JAYASHANKAR BHUPALAPALLY,TELANGANA,94.0,46.3,13.5,17.4,28.4,31.5,0.8,4.9
JOGULAMBA GADWAL,TELANGANA,96.5,29.9,9.3,14.3,21.5,29.7,0.5,3.2
KAMAREDDY,TELANGANA,96.8,41.3,12.9,17.5,27.7,29.1,0.6,1.6
KARIMNAGAR,TELANGANA,88.2,30.4,16.8,20.0,25.0,34.7,0.1,1.6
KHAMMAM,TELANGANA,99.4,55.0,17.7,17.7,27.6,30.8,0.3,2.1
KOMARAM BHEEM ASIFABAD,TELANGANA,96.7,39.0,8.4,11.6,21.8,27.2,0.3,1.2
MAHABUBABAD,TELANGANA,98.1,48.0,14.1,16.5,21.9,28.8,0.5,2.0
MAHABUBNAGAR,TELANGANA,98.7,40.3,10.8,14.2,24.2,26.5,0.0,1.4
MANCHERIAL,TELANGANA,93.6,43.3,14.2,16.1,27.9,32.0,0.2,1.9
MEDAK,TELANGANA,97.7,31.9,14.0,19.5,26.7,28.9,0.4,2.7
MEDCHAL-MALKAJGIRI,TELANGANA,96.2,51.7,16.5,18.6,26.5,34.8,0.2,0.7
NAGARKURNOOL,TELANGANA,97.0,46.7,12.5,14.5,24.6,27.3,0.2,2.6
NALGONDA,TELANGANA,98.7,50.6,13.8,17.0,19.6,25.7,0.2,1.4
NIRMAL,TELANGANA,96.9,32.0,11.7,15.8,25.1,28.5,0.9,1.4
NIZAMABAD,TELANGANA,96.2,41.9,13.5,15.6,27.1,31.2,0.4,1.4
PEDDAPALLI,TELANGANA,92.9,47.8,13.7,16.8,27.7,34.7,0.3,3.5
RAJANNA SIRCILLA,TELANGANA,99.0,43.1,13.2,20.3,30.2,36.0,1.2,3.3
RANGA REDDY,TELANGANA,95.3,47.9,15.3,19.6,28.5,35.0,0.1,1.0
SANGAREDDY,TELANGANA,98.3,38.4,11.3,16.3,25.7,32.6,0.7,2.4
SIDDIPET,TELANGANA,98.9,42.8,14.7,20.0,26.6,36.9,1.0,3.5
SURYAPET,TELANGANA,99.7,45.0,17.7,23.9,25.2,27.3,0.4,4.1
VIKARABAD,TELANGANA,98.7,38.2,10.8,14.3,27.0,30.3,0.1,0.6
WANAPARTHY,TELANGANA,100.0,37.1,13.9,16.5,22.5,25.5,0.3,2.2
WARANGAL RURAL,TELANGANA,98.7,45.6,15.6,18.1,26.3,29.4,1.1,3.8
WARANGAL URBAN,TELANGANA,96.4,50.7,17.1,19.0,24.5,32.7,0.0,0.4
YADADRI BHUVANAGIRI,TELANGANA,97.9,48.8,14.6,18.0,24.8,32.3,0.2,2.1
DHALAI,TRIPURA,90.7,67.7,14.5,17.0,14.5,17.4,0.4,0.5
GOMATI,TRIPURA,91.1,72.5,16.8,17.4,19.8,21.4,0.4,1.2
KHOWAI,TRIPURA,97.7,62.7,17.8,18.3,19.0,21.4,0.0,0.0
NORTH TRIPURA,TRIPURA,93.8,56.0,18.3,22.9,18.8,19.3,0.0,0.0
SEPAHIJALA,TRIPURA,93.0,72.7,18.2,22.2,19.3,19.9,0.2,0.4
SOUTH TRIPURA,TRIPURA,84.6,51.9,18.2,20.4,22.4,24.2,0.5,1.8
UNAKOTI,TRIPURA,89.4,53.8,16.9,19.9,21.0,22.1,0.0,0.0
WEST TRIPURA,TRIPURA,98.1,61.6,18.7,18.1,25.1,27.1,0.6,0.4
AGRA,UTTAR PRADESH,,,,,,,0.3,0.4
ALIGARH,UTTAR PRADESH,,,,,,,0.4,0.0
AMBEDKAR NAGAR,UTTAR PRADESH,,,,,,,0.4,0.4
AMETHI,UTTAR PRADESH,,,,,,,0.2,0.4
AURAIYA,UTTAR PRADESH,,,,,,,0.3,0.7
AZAMGARH,UTTAR PRADESH,,,,,,,1.5,0.6
BAGHPAT,UTTAR PRADESH,,,,,,,0.0,0.0
BAHRAICH,UTTAR PRADESH,,,,,,,0.0,1.3
BALLIA,UTTAR PRADESH,,,,,,,0.4,0.7
BALRAMPUR,UTTAR PRADESH,,,,,,,0.5,1.6
BANDA,UTTAR PRADESH,,,,,,,1.4,1.7
BARABANKI,UTTAR PRADESH,,,,,,,0.0,1.2
BAREILLY,UTTAR PRADESH,,,,,,,0.0,0.0
BASTI,UTTAR PRADESH,,,,,,,0.5,0.0
BIJNOR,UTTAR PRADESH,,,,,,,0.0,0.2
BUDAUN,UTTAR PRADESH,,,,,,,0.4,0.2
BULANDSHAHR,UTTAR PRADESH,,,,,,,0.2,0.0
CHANDAULI,UTTAR PRADESH,,,,,,,0.8,0.6
CHITRAKOOT,UTTAR PRADESH,,,,,,,0.4,1.3
DEORIA,UTTAR PRADESH,,,,,,,0.8,0.5
ETAH,UTTAR PRADESH,,,,,,,0.3,0.0
ETAWAH,UTTAR PRADESH,,,,,,,0.0,0.2
FAIZABAD,UTTAR PRADESH,,,,,,,0.0,0.2
FARRUKHABAD,UTTAR PRADESH,,,,,,,0.2,0.4
FATEHPUR,UTTAR PRADESH,,,,,,,1.1,1.5
FIROZABAD,UTTAR PRADESH,,,,,,,0.2,0.0
GAUTAM BUDDHA NAGAR,UTTAR PRADESH,,,,,,,0.0,0.2
GHAZIABAD,UTTAR PRADESH,,,,,,,0.0,0.9
GHAZIPUR,UTTAR PRADESH,,,,,,,0.1,0.2
GONDA,UTTAR PRADESH,,,,,,,0.5,1.2
GORAKHPUR,UTTAR PRADESH,,,,,,,1.3,0.9
HAMIRPUR,UTTAR PRADESH,,,,,,,0.2,0.5
HAPUR,UTTAR PRADESH,,,,,,,0.1,0.3
HARDOI,UTTAR PRADESH,,,,,,,0.3,1.5
JALAUN,UTTAR PRADESH,,,,,,,0.0,0.0
JAUNPUR,UTTAR PRADESH,,,,,,,0.0,0.1
JHANSI,UTTAR PRADESH,,,,,,,0.5,0.9
JYOTIBA PHULE NAGAR,UTTAR PRADESH,,,,,,,0.2,0.2
KANNAUJ,UTTAR PRADESH,,,,,,,1.0,1.2
KANPUR DEHAT,UTTAR PRADESH,,,,,,,0.0,0.6
KANPUR NAGAR,UTTAR PRADESH,,,,,,,0.5,1.0
KANSHIRAM NAGAR,UTTAR PRADESH,,,,,,,0.2,0.2
KAUSHAMBI,UTTAR PRADESH,,,,,,,0.2,0.6
KHERI,UTTAR PRADESH,,,,,,,0.0,0.3
KUSHINAGAR,UTTAR PRADESH,,,,,,,0.3,0.3
LALITPUR,UTTAR PRADESH,,,,,,,0.2,0.5
LUCKNOW,UTTAR PRADESH,,,,,,,0.0,0.4
MAHAMAYA NAGAR,UTTAR PRADESH,,,,,,,1.7,2.2
MAHARAJGANJ,UTTAR PRADESH,,,,,,,0.3,0.3
MAHOBA,UTTAR PRADESH,,,,,,,0.7,1.8
MAINPURI,UTTAR PRADESH,,,,,,,0.4,0.0
MATHURA,UTTAR PRADESH,,,,,,,0.5,0.2
MAU,UTTAR PRADESH,,,,,,,1.0,1.2
MEERUT,UTTAR PRADESH,,,,,,,0.0,0.0
MIRZAPUR,UTTAR PRADESH,,,,,,,0.2,0.8
MORADABAD,UTTAR PRADESH,,,,,,,0.8,0.4
MUZAFFARNAGAR,UTTAR PRADESH,,,,,,,0.2,0.2
PILIBHIT,UTTAR PRADESH,,,,,,,0.2,0.4
PRATAPGARH,UTTAR PRADESH,,,,,,,0.0,0.2
PRAYAGRAJ,UTTAR PRADESH,,,,,,,0.4,0.7
RAE BARELI,UTTAR PRADESH,,,,,,,0.2,0.7
RAMPUR,UTTAR PRADESH,,,,,,,0.2,0.4
SAHARANPUR,UTTAR PRADESH,,,,,,,0.1,0.2
SAMBHAL,UTTAR PRADESH,,,,,,,0.0,0.2
SANT KABEER NAGAR,UTTAR PRADESH,,,,,,,0.3,0.2
SANT RAVIDAS NAGAR (BHADOHI),UTTAR PRADESH,,,,,,,0.0,0.6
SHAHJAHANPUR,UTTAR PRADESH,,,,,,,0.2,0.2
SHAMLI,UTTAR PRADESH,,,,,,,0.2,0.2
SHRAVASTI,UTTAR PRADESH,,,,,,,0.4,0.6
SIDDHARTHNAGAR,UTTAR PRADESH,,,,,,,0.4,0.2
SITAPUR,UTTAR PRADESH,,,,,,,0.2,0.4
SONBHADRA,UTTAR PRADESH,,,,,,,0.0,0.2
SULTANPUR,UTTAR PRADESH,,,,,,,1.8,1.7
UNNAO,UTTAR PRADESH,,,,,,,0.7,2.4
VARANASI,UTTAR PRADESH,,,,,,,0.9,1.6
ALMORA,UTTARAKHAND,,,,,,,0.7,0.4
BAGESHWAR,UTTARAKHAND,,,,,,,0.0,0.0
CHAMOLI,UTTARAKHAND,,,,,,,0.0,0.6
CHAMPAWAT,UTTARAKHAND,,,,,,,0.5,0.0
DEHRADUN,UTTARAKHAND,,,,,,,0.0,0.0
HARIDWAR,UTTARAKHAND,,,,,,,0.5,0.9
NAINITAL,UTTARAKHAND,,,,,,,0.2,0.0
PAURI GARHWAL,UTTARAKHAND,,,,,,,0.0,0.0
PITHORAGARH,UTTARAKHAND,,,,,,,0.0,0.0
RUDRAPRAYAG,UTTARAKHAND,,,,,,,0.0,0.2
TEHRI GARHWAL,UTTARAKHAND,,,,,,,0.0,0.0
UDAM SINGH NAGAR,UTTARAKHAND,,,,,,,0.0,0.6
UTTARKASHI,UTTARAKHAND,,,,,,,0.1,0.8
BANKURA,WEST BENGAL,99.5,56.0,16.2,23.8,21.0,20.3,0.2,0.0
BIRBHUM,WEST BENGAL,98.7,63.9,16.4,20.9,17.5,14.1,0.2,0.0
DAKSHIN DINAJPUR,WEST BENGAL,99.6,76.6,17.5,22.0,17.6,16.2,0.2,0.2
DARJEELING,WEST BENGAL,96.8,74.5,13.2,16.5,29.2,29.5,0.3,0.2
HAORA,WEST BENGAL,96.5,76.6,16.9,20.3,24.0,26.8,0.0,0.1
HUGLI,WEST BENGAL,98.6,71.9,19.7,22.3,24.1,26.7,0.4,0.6
JALPAIGURI,WEST BENGAL,100.0,82.7,13.8,17.2,21.2,23.7,0.0,0.0
KOCH BIHAR,WEST BENGAL,99.6,75.8,13.6,18.7,21.7,20.8,0.2,0.2
KOLKATA,WEST BENGAL,94.4,84.4,21.6,24.3,23.9,23.8,0.0,0.0
MALDAH,WEST BENGAL,99.7,80.6,16.7,20.2,19.3,17.8,0.0,0.2
MURSHIDABAD,WEST BENGAL,97.3,75.0,18.4,19.5,18.7,16.3,0.3,0.2
NADIA,WEST BENGAL,98.4,80.3,20.0,21.2,21.2,16.0,0.0,0.0
NORTH TWENTY FOUR PARGANAS,WEST BENGAL,98.7,82.6,18.8,23.2,19.0,17.1,0.2,0.2
PASCHIM BARDDHAMAN,WEST BENGAL,95.5,67.1,16.2,23.4,17.6,20.7,1.3,0.4
PASCHIM MEDINIPUR,WEST BENGAL,99.1,64.5,17.9,21.7,19.3,19.0,0.0,0.0
PURBA BARDDHAMAN,WEST BENGAL,100.0,73.0,16.6,21.8,21.2,18.4,0.1,0.0
PURBA MEDINIPUR,WEST BENGAL,98.8,66.2,21.3,24.0,18.1,21.3,0.2,0.5
PURULIYA,WEST BENGAL,98.0,51.6,15.3,20.7,17.5,20.4,0.2,0.2
SOUTH TWENTY FOUR PARGANAS,WEST BENGAL,98.6,86.0,16.5,21.3,21.5,19.1,0.0,0.2
UTTAR DINAJPUR,WEST BENGAL,97.8,71.2,13.6,18.8,16.3,23.8,0.0,0.0
